income,expenditure,balance,arrival_sum,arrival_age,arrival_mkt,derpature_sum,derpature_age,derpature_mkt,Name
€13.25m,€243.28m,€-230.03m,€243.28m,23.6,€282.60m,€13.25m,27.8,€187.75m,Man Utd
€67.83m,€611.49m,€-543.66m,€611.49m,23.0,€551.80m,€67.83m,25.5,€391.30m,Chelsea
€80.70m,€137.30m,€-56.60m,€137.30m,21.6,€165.00m,€80.70m,24.9,€130.20m,Liverpool
€23.80m,€192.36m,€-168.56m,€192.36m,24.2,€367.70m,€23.80m,25.4,€195.20m,Arsenal
€38.75m,€177.90m,€-139.15m,€177.90m,24.7,€325.50m,€38.75m,24.2,€240.50m,Tottenham
€103.60m,€78.20m,+€25.40m,€78.20m,25.1,€133.15m,€103.60m,27.1,€168.70m,Everton
€600k,€570k,+€30k,€570k,22.6,€11.48m,€600k,23.3,€14.65m,Bolton
0,0,+-0,0,25.5,€23.50m,0,25.7,€31.20m,Reading
€700k,0,+€700k,0,22.7,€10.25m,€700k,24.1,€10.53m,Portsmouth
0,€1.75m,€-1.75m,€1.75m,22.1,€12.88m,0,24.3,€27.00m,Blackburn
€54.00m,€100.14m,€-46.14m,€100.14m,25.7,€242.70m,€54.00m,26.1,€164.00m,Aston Villa
€26.90m,€10.23m,+€16.68m,€10.23m,25.0,€58.55m,€26.90m,25.9,€70.30m,Middlesbrough
€13.46m,€185.35m,€-171.89m,€185.35m,25.4,€149.20m,€13.46m,28.2,€52.20m,Newcastle
€162.17m,€150.50m,+€11.67m,€150.50m,22.9,€363.15m,€162.17m,24.1,€295.65m,Man City
€21.55m,€194.00m,€-172.45m,€194.00m,25.0,€157.00m,€21.55m,28.8,€61.75m,West Ham
€21.90m,€71.20m,€-49.30m,€71.20m,27.2,€176.40m,€21.90m,27.2,€100.40m,Fulham
0,0,+-0,0,24.6,€13.95m,0,24.7,€9.15m,Wigan
0,€4.50m,€-4.50m,€4.50m,22.3,€24.13m,0,24.7,€32.85m,Sheff Utd
0,0,+-0,0,23.3,€9.35m,0,25.8,€10.48m,Charlton
€60.83m,€18.81m,+€42.02m,€18.81m,24.7,€66.65m,€60.83m,27.0,€93.80m,Watford
